﻿<?xml version="1.0" encoding="utf-8"?>
<forms xmlns:xsi="http://www.w3.org/2001/XMLSchema-instance">
  <systemform>
    <formid>{ea34e068-83bf-499c-ab33-38357c65654d}</formid>
    <IntroducedVersion>1.0.0.1</IntroducedVersion>
    <FormPresentation>1</FormPresentation>
    <FormActivationState>1</FormActivationState>
    <form>
      <tabs>
        <tab verticallayout="true" id="{989383bc-18f7-46fd-b405-3bfd494b66b6}" IsUserDefined="1">
          <labels>
            <label description="" languagecode="1033" />
          </labels>
          <columns>
            <column width="100%">
              <sections>
                <section showlabel="false" showbar="false" IsUserDefined="0" id="{86a85720-6594-4fc2-a270-e6e0d9ba2c6a}">
                  <labels>
                    <label description="GENERAL" languagecode="1033" />
                  </labels>
                  <rows>
                    <row>
                      <cell id="{4a053500-ba7e-40d1-b1ba-e3de7881b8eb}">
                        <labels>
                          <label description="Name" languagecode="1033" />
                        </labels>
                        <control id="cu_name" classid="{4273EDBD-AC1D-40d3-9FB2-095C621B552D}" datafieldname="cu_name" />
                      </cell>
                    </row>
                    <row>
                      <cell id="{a382b422-d1c8-4057-b641-e3d059c3f763}">
                        <labels>
                          <label description="Owner" languagecode="1033" />
                        </labels>
                        <control id="ownerid" classid="{270BD3DB-D9AF-4782-9025-509E298DEC0A}" datafieldname="ownerid" />
                      </cell>
                    </row>
                  </rows>
                </section>
              </sections>
            </column>
          </columns>
        </tab>
      </tabs>
    </form>
    <IsCustomizable>1</IsCustomizable>
    <CanBeDeleted>1</CanBeDeleted>
    <LocalizedNames>
      <LocalizedName description="Information" languagecode="1033" />
    </LocalizedNames>
  </systemform>
</forms>