﻿<?xml version="1.0" encoding="utf-8"?>
<forms xmlns:xsi="http://www.w3.org/2001/XMLSchema-instance">
  <systemform>
    <formid>{e87a60b7-5088-4ddb-90ae-35834a1dc885}</formid>
    <IntroducedVersion>1.0.0.1</IntroducedVersion>
    <FormPresentation>1</FormPresentation>
    <FormActivationState>1</FormActivationState>
    <form>
      <tabs>
        <tab verticallayout="true" id="{77339747-2cf6-4e16-827e-6ba68bf3c615}" IsUserDefined="1">
          <labels>
            <label description="General" languagecode="1033" />
          </labels>
          <columns>
            <column width="100%">
              <sections>
                <section showlabel="false" showbar="false" IsUserDefined="0" id="{840c18d1-cefc-4b50-abb9-13fd32034649}">
                  <labels>
                    <label description="General" languagecode="1033" />
                  </labels>
                  <rows>
                    <row>
                      <cell id="{221e33f4-db6b-45a4-9dfe-b155598cdb46}">
                        <labels>
                          <label description="" languagecode="1033" />
                        </labels>
                        <control id="cu_name" classid="{4273EDBD-AC1D-40d3-9FB2-095C621B552D}" datafieldname="cu_name" />
                      </cell>
                    </row>
                    <row>
                      <cell id="{57118484-1de3-4d32-8be3-88cc1cd69cd5}">
                        <labels>
                          <label description="" languagecode="1033" />
                        </labels>
                        <control id="ownerid" classid="{270BD3DB-D9AF-4782-9025-509E298DEC0A}" datafieldname="ownerid" />
                      </cell>
                    </row>
                  </rows>
                </section>
              </sections>
            </column>
          </columns>
        </tab>
      </tabs>
    </form>
    <IsCustomizable>1</IsCustomizable>
    <CanBeDeleted>1</CanBeDeleted>
    <LocalizedNames>
      <LocalizedName description="Information" languagecode="1033" />
    </LocalizedNames>
    <Descriptions>
      <Description description="A form for this entity." languagecode="1033" />
    </Descriptions>
  </systemform>
</forms>