﻿<?xml version="1.0" encoding="utf-8"?>
<EntityRelationships xmlns:xsi="http://www.w3.org/2001/XMLSchema-instance">
  <EntityRelationship Name="business_unit_cu_application" />
  <EntityRelationship Name="business_unit_cu_department" />
  <EntityRelationship Name="business_unit_cu_major" />
  <EntityRelationship Name="business_unit_cu_semester" />
  <EntityRelationship Name="cu_application_applicant_id_Contact" />
  <EntityRelationship Name="cu_application_department_id_cu_departmen" />
  <EntityRelationship Name="cu_department_head_id_Contact" />
  <EntityRelationship Name="cu_major_department_id_cu_department" />
  <EntityRelationship Name="lk_cu_application_createdby" />
  <EntityRelationship Name="lk_cu_application_modifiedby" />
  <EntityRelationship Name="lk_cu_department_createdby" />
  <EntityRelationship Name="lk_cu_department_modifiedby" />
  <EntityRelationship Name="lk_cu_major_createdby" />
  <EntityRelationship Name="lk_cu_major_modifiedby" />
  <EntityRelationship Name="lk_cu_semester_createdby" />
  <EntityRelationship Name="lk_cu_semester_modifiedby" />
  <EntityRelationship Name="owner_cu_application" />
  <EntityRelationship Name="owner_cu_department" />
  <EntityRelationship Name="owner_cu_major" />
  <EntityRelationship Name="owner_cu_semester" />
  <EntityRelationship Name="team_cu_application" />
  <EntityRelationship Name="team_cu_department" />
  <EntityRelationship Name="team_cu_major" />
  <EntityRelationship Name="team_cu_semester" />
  <EntityRelationship Name="user_cu_application" />
  <EntityRelationship Name="user_cu_department" />
  <EntityRelationship Name="user_cu_major" />
  <EntityRelationship Name="user_cu_semester" />
</EntityRelationships>