﻿<?xml version="1.0" encoding="utf-8"?>
<savedqueries xmlns:xsi="http://www.w3.org/2001/XMLSchema-instance">
  <savedquery>
    <IsCustomizable>1</IsCustomizable>
    <CanBeDeleted>0</CanBeDeleted>
    <isquickfindquery>0</isquickfindquery>
    <isprivate>0</isprivate>
    <isdefault>0</isdefault>
    <savedqueryid>{4706f0a6-ea59-43b1-9b7c-1f3d85815465}</savedqueryid>
    <layoutxml>
      <grid name="resultset" jump="cu_name" select="1" icon="1" preview="1">
        <row name="result" id="cu_applicationid">
          <cell name="cu_name" width="300" />
          <cell name="createdon" width="125" />
        </row>
      </grid>
    </layoutxml>
    <querytype>0</querytype>
    <fetchxml>
      <fetch version="1.0" mapping="logical">
        <entity name="cu_application">
          <attribute name="cu_applicationid" />
          <attribute name="cu_name" />
          <attribute name="createdon" />
          <order attribute="cu_name" descending="false" />
          <filter type="and">
            <condition attribute="statecode" operator="eq" value="1" />
          </filter>
        </entity>
      </fetch>
    </fetchxml>
    <IntroducedVersion>1.0.0.0</IntroducedVersion>
    <LocalizedNames>
      <LocalizedName description="Inactive Applications" languagecode="1033" />
    </LocalizedNames>
  </savedquery>
</savedqueries>