﻿<?xml version="1.0" encoding="utf-8"?>
<savedqueries xmlns:xsi="http://www.w3.org/2001/XMLSchema-instance">
  <savedquery>
    <IsCustomizable>1</IsCustomizable>
    <CanBeDeleted>0</CanBeDeleted>
    <isquickfindquery>0</isquickfindquery>
    <isprivate>0</isprivate>
    <isdefault>1</isdefault>
    <savedqueryid>{7c98f06c-03f8-40a3-81dd-883638ce20ed}</savedqueryid>
    <layoutxml>
      <grid name="cu_applications" jump="cu_name" select="1" icon="1" preview="1">
        <row name="cu_application" id="cu_applicationid">
          <cell name="cu_name" width="300" />
          <cell name="createdon" width="125" />
        </row>
      </grid>
    </layoutxml>
    <querytype>2</querytype>
    <fetchxml>
      <fetch version="1.0" mapping="logical">
        <entity name="cu_application">
          <attribute name="cu_applicationid" />
          <attribute name="cu_name" />
          <attribute name="createdon" />
          <order attribute="cu_name" descending="false" />
          <filter type="and">
            <condition attribute="statecode" operator="eq" value="0" />
          </filter>
        </entity>
      </fetch>
    </fetchxml>
    <IntroducedVersion>1.0.0.0</IntroducedVersion>
    <LocalizedNames>
      <LocalizedName description="Application Associated View" languagecode="1033" />
    </LocalizedNames>
  </savedquery>
</savedqueries>