﻿<?xml version="1.0" encoding="utf-8"?>
<savedqueries xmlns:xsi="http://www.w3.org/2001/XMLSchema-instance">
  <savedquery>
    <IsCustomizable>1</IsCustomizable>
    <CanBeDeleted>0</CanBeDeleted>
    <isquickfindquery>0</isquickfindquery>
    <isprivate>0</isprivate>
    <isdefault>1</isdefault>
    <savedqueryid>{0d719e20-bbf9-4839-adb7-79f05a0d4711}</savedqueryid>
    <layoutxml>
      <grid name="cu_semesters" jump="cu_name" select="1" icon="1" preview="0">
        <row name="cu_semester" id="cu_semesterid">
          <cell name="cu_name" width="300" />
          <cell name="createdon" width="125" />
        </row>
      </grid>
    </layoutxml>
    <querytype>64</querytype>
    <fetchxml>
      <fetch version="1.0" mapping="logical">
        <entity name="cu_semester">
          <attribute name="cu_semesterid" />
          <attribute name="cu_name" />
          <attribute name="createdon" />
          <filter type="and">
            <condition attribute="statecode" operator="eq" value="0" />
          </filter>
        </entity>
      </fetch>
    </fetchxml>
    <IntroducedVersion>1.0.0.1</IntroducedVersion>
    <LocalizedNames>
      <LocalizedName description="Semester Lookup View" languagecode="1033" />
    </LocalizedNames>
  </savedquery>
</savedqueries>