﻿<?xml version="1.0" encoding="utf-8"?>
<savedqueries xmlns:xsi="http://www.w3.org/2001/XMLSchema-instance">
  <savedquery>
    <IsCustomizable>1</IsCustomizable>
    <CanBeDeleted>0</CanBeDeleted>
    <isquickfindquery>0</isquickfindquery>
    <isprivate>0</isprivate>
    <isdefault>1</isdefault>
    <savedqueryid>{7a4a0f56-3d49-47d8-ba43-965bd35f11a1}</savedqueryid>
    <layoutxml>
      <grid name="resultset" jump="cu_name" select="1" icon="1" preview="1">
        <row name="result" id="cu_majorid">
          <cell name="cu_name" width="300" />
          <cell name="createdon" width="125" />
        </row>
      </grid>
    </layoutxml>
    <querytype>0</querytype>
    <fetchxml>
      <fetch version="1.0" mapping="logical">
        <entity name="cu_major">
          <attribute name="cu_majorid" />
          <attribute name="cu_name" />
          <attribute name="createdon" />
          <order attribute="cu_name" descending="false" />
          <filter type="and">
            <condition attribute="statecode" operator="eq" value="0" />
          </filter>
        </entity>
      </fetch>
    </fetchxml>
    <IntroducedVersion>1.0.0.1</IntroducedVersion>
    <LocalizedNames>
      <LocalizedName description="Active Majors" languagecode="1033" />
    </LocalizedNames>
  </savedquery>
</savedqueries>