﻿<?xml version="1.0" encoding="utf-8"?>
<forms xmlns:xsi="http://www.w3.org/2001/XMLSchema-instance">
  <systemform>
    <formid>{88a0c217-5860-4546-9c92-b8d809d0f2e1}</formid>
    <IntroducedVersion>1.0.0.1</IntroducedVersion>
    <FormPresentation>1</FormPresentation>
    <FormActivationState>1</FormActivationState>
    <form>
      <tabs>
        <tab verticallayout="true" id="{bc1c236c-0717-4c25-8cee-c6c4d19cdb34}" IsUserDefined="1">
          <labels>
            <label description="" languagecode="1033" />
          </labels>
          <columns>
            <column width="100%">
              <sections>
                <section showlabel="false" showbar="false" IsUserDefined="0" id="{ba9d3947-25cb-4cee-80fe-0f48f48f5a28}">
                  <labels>
                    <label description="GENERAL" languagecode="1033" />
                  </labels>
                  <rows>
                    <row>
                      <cell id="{9b24640d-0e1e-456e-a95f-2b09871c6b57}">
                        <labels>
                          <label description="Name" languagecode="1033" />
                        </labels>
                        <control id="cu_name" classid="{4273EDBD-AC1D-40d3-9FB2-095C621B552D}" datafieldname="cu_name" />
                      </cell>
                    </row>
                    <row>
                      <cell id="{3d75d88d-64bd-42b4-a5ca-bf9f2baba62b}">
                        <labels>
                          <label description="Owner" languagecode="1033" />
                        </labels>
                        <control id="ownerid" classid="{270BD3DB-D9AF-4782-9025-509E298DEC0A}" datafieldname="ownerid" />
                      </cell>
                    </row>
                  </rows>
                </section>
              </sections>
            </column>
          </columns>
        </tab>
      </tabs>
    </form>
    <IsCustomizable>1</IsCustomizable>
    <CanBeDeleted>1</CanBeDeleted>
    <LocalizedNames>
      <LocalizedName description="Information" languagecode="1033" />
    </LocalizedNames>
  </systemform>
</forms>